{
  "total_gens": 9,
  "generations": [
    1,
    2,
    3,
    4,
    5,
    6,
    7,
    8,
    9
  ],
  "best_fitness": [
    0.49906695421333336,
    0.49916140099648293,
    0.49999999995720135,
    0.49999999999999967,
    0.5,
    0.5,
    0.5,
    0.5025867765965324,
    0.9939641386641351
  ],
  "species": [
    [
      [
        1,
        120,
        0.49906695421333336
      ],
      [
        2,
        120,
        0.49916140099648293
      ],
      [
        3,
        120,
        0.49999999995720135
      ],
      [
        4,
        120,
        0.49999999999999967
      ],
      [
        5,
        120,
        0.5
      ],
      [
        6,
        120,
        0.5
      ],
      [
        7,
        119,
        0.5
      ],
      [
        8,
        67,
        0.5
      ],
      [
        9,
        64,
        0.9939641386641351
      ]
    ],
    [
      [
        7,
        1,
        0.499926526504612
      ],
      [
        8,
        53,
        0.5025867765965324
      ],
      [
        9,
        55,
        0.5076130913213964
      ]
    ],
    [
      [
        9,
        1,
        0.4142135623730888
      ]
    ]
  ]
}