{
  "total_gens": 12,
  "generations": [
    1,
    2,
    3,
    4,
    5,
    6,
    7,
    8,
    9,
    10,
    11,
    12
  ],
  "best_fitness": [
    0.49997751442514315,
    0.4999999999389826,
    0.4999999999389826,
    0.499999999999972,
    0.5,
    0.5,
    0.5,
    0.5000022967026853,
    0.5000022967026853,
    0.5000022967026853,
    0.5000022967026853,
    0.9999999826259754
  ],
  "species": [
    [
      [
        1,
        120,
        0.49997751442514315
      ],
      [
        2,
        120,
        0.4999999999389826
      ],
      [
        3,
        119,
        0.4999999999389826
      ],
      [
        4,
        71,
        0.499999999999972
      ],
      [
        5,
        112,
        0.5
      ],
      [
        6,
        84,
        0.5
      ],
      [
        7,
        66,
        0.5
      ],
      [
        8,
        60,
        0.5
      ],
      [
        9,
        48,
        0.5
      ],
      [
        10,
        41,
        0.5
      ],
      [
        11,
        39,
        0.5000000002275711
      ],
      [
        12,
        53,
        0.5000225633607948
      ]
    ],
    [
      [
        3,
        1,
        0.4142121634944038
      ],
      [
        4,
        49,
        0.476582309318286
      ],
      [
        5,
        8,
        0.41427409107709845
      ],
      [
        6,
        36,
        0.47237431176196654
      ],
      [
        7,
        50,
        0.4999999999401672
      ],
      [
        8,
        51,
        0.5000022967026853
      ],
      [
        9,
        48,
        0.5000022967026853
      ],
      [
        10,
        29,
        0.5000022967026853
      ],
      [
        11,
        36,
        0.5000022967026853
      ],
      [
        12,
        16,
        0.9999999826259754
      ]
    ],
    [
      [
        7,
        4,
        0.49967152039584123
      ],
      [
        8,
        8,
        0.4932151655365465
      ],
      [
        9,
        5,
        0.4160560761473836
      ],
      [
        10,
        23,
        0.49999999999548306
      ],
      [
        11,
        18,
        0.49999999999548306
      ],
      [
        12,
        24,
        0.5
      ]
    ],
    [
      [
        8,
        1,
        0.41421356237476126
      ],
      [
        9,
        18,
        0.49640123212738274
      ],
      [
        10,
        16,
        0.5
      ],
      [
        11,
        17,
        0.5
      ]
    ],
    [
      [
        9,
        1,
        0.4317618102994411
      ],
      [
        10,
        11,
        0.4999999995541704
      ],
      [
        11,
        10,
        0.49999999999998535
      ],
      [
        12,
        24,
        0.5
      ]
    ],
    [
      [
        12,
        1,
        0.49999999999887323
      ]
    ],
    [
      [
        12,
        2,
        0.49750413800449034
      ]
    ]
  ]
}