{
  "total_gens": 50,
  "generations": [
    1,
    2,
    3,
    4,
    5,
    6,
    7,
    8,
    9,
    10,
    11,
    12,
    13,
    14,
    15,
    16,
    17,
    18,
    19,
    20,
    21,
    22,
    23,
    24,
    25,
    26,
    27,
    28,
    29,
    30,
    31,
    32,
    33,
    34,
    35,
    36,
    37,
    38,
    39,
    40,
    41,
    42,
    43,
    44,
    45,
    46,
    47,
    48,
    49,
    50
  ],
  "best_fitness": [
    0.499999605772736,
    0.5,
    0.5,
    0.5,
    0.5,
    0.5000000344825716,
    0.5001750285532836,
    0.5001750285532836,
    0.5001750285532836,
    0.5001750285532836,
    0.5001750285532836,
    0.5001750285532836,
    0.5219610311920706,
    0.5219610311920706,
    0.5219610311920706,
    0.5219610311920706,
    0.5219610311920706,
    0.5219610311920706,
    0.5219610311920706,
    0.5219610311920706,
    0.5219610311920706,
    0.5219610311920706,
    0.5219610311920706,
    0.5219610311920706,
    0.5219610311920706,
    0.5219610311920706,
    0.5219610311920706,
    0.5219610311920706,
    0.5219610311920706,
    0.5219610311920706,
    0.5219610311920706,
    0.5219610311920706,
    0.5219610311920706,
    0.5219610311920706,
    0.5219610311920706,
    0.5414665957768029,
    0.5414665957768029,
    0.5414665957768029,
    0.5414665957768029,
    0.5414665957768029,
    0.5505020802429461,
    0.5505020802429461,
    0.5505020802429461,
    0.5505020802429461,
    0.5505020802429461,
    0.5505020802429461,
    0.5505020802429461,
    0.5505020802429461,
    0.5505020802429461,
    0.5505020802429461
  ],
  "species": [
    [
      [
        1,
        120,
        0.499999605772736
      ],
      [
        2,
        120,
        0.5
      ],
      [
        3,
        120,
        0.5
      ],
      [
        4,
        120,
        0.5
      ],
      [
        5,
        120,
        0.5
      ],
      [
        6,
        120,
        0.5000000344825716
      ],
      [
        7,
        117,
        0.5001750285532836
      ],
      [
        8,
        77,
        0.5001750285532836
      ],
      [
        9,
        57,
        0.5001750285532836
      ],
      [
        10,
        56,
        0.5001750285532836
      ],
      [
        11,
        41,
        0.5001750285532836
      ],
      [
        12,
        35,
        0.5001750285532836
      ],
      [
        13,
        29,
        0.5219610311920706
      ],
      [
        14,
        32,
        0.5219610311920706
      ],
      [
        15,
        28,
        0.5219610311920706
      ],
      [
        16,
        35,
        0.5219610311920706
      ],
      [
        17,
        34,
        0.5219610311920706
      ],
      [
        18,
        39,
        0.5219610311920706
      ],
      [
        19,
        35,
        0.5219610311920706
      ],
      [
        20,
        40,
        0.5219610311920706
      ],
      [
        21,
        48,
        0.5219610311920706
      ],
      [
        22,
        55,
        0.5219610311920706
      ],
      [
        23,
        49,
        0.5219610311920706
      ],
      [
        24,
        48,
        0.5219610311920706
      ],
      [
        25,
        67,
        0.5219610311920706
      ],
      [
        26,
        42,
        0.5219610311920706
      ],
      [
        27,
        88,
        0.5219610311920706
      ],
      [
        28,
        50,
        0.5219610311920706
      ],
      [
        29,
        35,
        0.5219610311920706
      ],
      [
        30,
        34,
        0.5219610311920706
      ],
      [
        31,
        36,
        0.5219610311920706
      ],
      [
        32,
        32,
        0.5219610311920706
      ],
      [
        33,
        31,
        0.5219610311920706
      ],
      [
        34,
        56,
        0.5219610311920706
      ],
      [
        35,
        39,
        0.5219610311920706
      ],
      [
        36,
        44,
        0.5219610311920706
      ]
    ],
    [
      [
        7,
        2,
        0.5
      ],
      [
        8,
        26,
        0.5
      ],
      [
        9,
        27,
        0.5
      ],
      [
        10,
        29,
        0.5
      ],
      [
        11,
        36,
        0.5
      ],
      [
        12,
        40,
        0.5
      ],
      [
        13,
        25,
        0.5
      ],
      [
        14,
        20,
        0.5
      ],
      [
        15,
        20,
        0.5
      ],
      [
        16,
        18,
        0.5
      ],
      [
        17,
        21,
        0.5
      ],
      [
        18,
        17,
        0.5
      ],
      [
        19,
        23,
        0.5
      ],
      [
        20,
        23,
        0.5
      ],
      [
        21,
        20,
        0.5
      ],
      [
        22,
        26,
        0.5
      ],
      [
        23,
        23,
        0.5
      ],
      [
        24,
        40,
        0.5
      ],
      [
        25,
        6,
        0.5
      ],
      [
        26,
        30,
        0.5
      ]
    ],
    [
      [
        7,
        1,
        0.5
      ],
      [
        8,
        17,
        0.5
      ],
      [
        9,
        36,
        0.5
      ],
      [
        10,
        35,
        0.5
      ],
      [
        11,
        42,
        0.5
      ],
      [
        12,
        35,
        0.5
      ],
      [
        13,
        31,
        0.5
      ],
      [
        14,
        26,
        0.5
      ],
      [
        15,
        29,
        0.5
      ],
      [
        16,
        20,
        0.5
      ],
      [
        17,
        19,
        0.5
      ],
      [
        18,
        31,
        0.5
      ],
      [
        19,
        18,
        0.5
      ],
      [
        20,
        27,
        0.5
      ],
      [
        21,
        23,
        0.5
      ],
      [
        22,
        16,
        0.5
      ],
      [
        23,
        17,
        0.5
      ],
      [
        24,
        9,
        0.5
      ],
      [
        25,
        22,
        0.5
      ],
      [
        26,
        8,
        0.5
      ]
    ],
    [
      [
        11,
        1,
        0.4142135623730951
      ],
      [
        12,
        9,
        0.49999999999998535
      ],
      [
        13,
        19,
        0.5
      ],
      [
        14,
        22,
        0.5
      ],
      [
        15,
        17,
        0.5
      ],
      [
        16,
        18,
        0.5
      ],
      [
        17,
        12,
        0.5
      ],
      [
        18,
        15,
        0.5
      ],
      [
        19,
        15,
        0.5
      ],
      [
        20,
        13,
        0.5
      ],
      [
        21,
        7,
        0.5
      ],
      [
        22,
        14,
        0.5
      ],
      [
        23,
        13,
        0.5
      ],
      [
        24,
        13,
        0.5
      ],
      [
        25,
        18,
        0.5
      ],
      [
        26,
        19,
        0.5
      ],
      [
        27,
        19,
        0.5
      ],
      [
        28,
        32,
        0.5
      ],
      [
        29,
        23,
        0.5
      ],
      [
        30,
        23,
        0.5
      ],
      [
        31,
        22,
        0.5
      ],
      [
        32,
        20,
        0.5
      ],
      [
        33,
        24,
        0.5
      ]
    ],
    [
      [
        12,
        1,
        0.36602540378443865
      ],
      [
        13,
        16,
        0.5
      ],
      [
        14,
        12,
        0.5
      ],
      [
        15,
        16,
        0.5
      ],
      [
        16,
        15,
        0.5
      ],
      [
        17,
        20,
        0.5
      ],
      [
        18,
        13,
        0.5
      ],
      [
        19,
        12,
        0.5
      ],
      [
        20,
        11,
        0.5
      ],
      [
        21,
        11,
        0.5
      ],
      [
        22,
        7,
        0.5
