{
  "total_gens": 50,
  "generations": [
    1,
    2,
    3,
    4,
    5,
    6,
    7,
    8,
    9,
    10,
    11,
    12,
    13,
    14,
    15,
    16,
    17,
    18,
    19,
    20,
    21,
    22,
    23,
    24,
    25,
    26,
    27,
    28,
    29,
    30,
    31,
    32,
    33,
    34,
    35,
    36,
    37,
    38,
    39,
    40,
    41,
    42,
    43,
    44,
    45,
    46,
    47,
    48,
    49,
    50
  ],
  "best_fitness": [
    0.4999988879424806,
    0.5031022322157804,
    0.5031022322157804,
    0.525532140328965,
    0.5776783839266284,
    0.5776783839266284,
    0.5776783839266284,
    0.5776783839266284,
    0.5776783839266284,
    0.5776783839266284,
    0.5776783839266284,
    0.5795865564804654,
    0.5795865564804654,
    0.5795865564804654,
    0.5795865564804654,
    0.6712976757158433,
    0.6712976757158433,
    0.6712976757158433,
    0.6712976757158433,
    0.6712976757158433,
    0.6712976757158433,
    0.6712976757158433,
    0.6712976757158433,
    0.6715926282170891,
    0.7521062026847154,
    0.7521062026847154,
    0.786491900904253,
    0.786491900904253,
    0.786491900904253,
    0.786491900904253,
    0.786491900904253,
    0.786491900904253,
    0.786491900904253,
    0.8602997378688694,
    0.8602997378688694,
    0.8602997378688694,
    0.9013387751483556,
    0.9013387751483556,
    0.9013387751483556,
    0.9013387751483556,
    0.9013387751483556,
    0.9013387751483556,
    0.9013387751483556,
    0.9013387751483556,
    0.9485295176309617,
    0.9485295176309617,
    0.9485295176309617,
    0.9485295176309617,
    0.9485295176309617,
    0.9485295176309617
  ],
  "species": [
    [
      [
        1,
        120,
        0.4999988879424806
      ],
      [
        2,
        120,
        0.5031022322157804
      ],
      [
        3,
        120,
        0.5031022322157804
      ],
      [
        4,
        120,
        0.525532140328965
      ],
      [
        5,
        118,
        0.5776783839266284
      ],
      [
        6,
        65,
        0.5776783839266284
      ],
      [
        7,
        61,
        0.5776783839266284
      ],
      [
        8,
        59,
        0.5776783839266284
      ],
      [
        9,
        43,
        0.5776783839266284
      ],
      [
        10,
        39,
        0.5776783839266284
      ],
      [
        11,
        37,
        0.5776783839266284
      ],
      [
        12,
        46,
        0.5795865564804654
      ],
      [
        13,
        47,
        0.5795865564804654
      ],
      [
        14,
        28,
        0.5795865564804654
      ],
      [
        15,
        32,
        0.5795865564804654
      ],
      [
        16,
        30,
        0.6712976757158433
      ],
      [
        17,
        21,
        0.6712976757158433
      ],
      [
        18,
        28,
        0.6712976757158433
      ],
      [
        19,
        34,
        0.6712976757158433
      ],
      [
        20,
        30,
        0.6712976757158433
      ],
      [
        21,
        33,
        0.6712976757158433
      ],
      [
        22,
        27,
        0.6712976757158433
      ],
      [
        23,
        37,
        0.6712976757158433
      ],
      [
        24,
        29,
        0.6715926282170891
      ],
      [
        25,
        30,
        0.6715926282170891
      ],
      [
        26,
        30,
        0.6715926282170891
      ],
      [
        27,
        32,
        0.6715926282170891
      ],
      [
        28,
        29,
        0.6715926282170891
      ],
      [
        29,
        29,
        0.6715926282170891
      ],
      [
        30,
        43,
        0.6715926282170891
      ],
      [
        31,
        29,
        0.6715926282170891
      ],
      [
        32,
        27,
        0.6715926282170891
      ],
      [
        33,
        26,
        0.6715926282170891
      ],
      [
        34,
        28,
        0.6715926282170891
      ],
      [
        35,
        29,
        0.6715926282170891
      ],
      [
        36,
        39,
        0.6715926282170891
      ],
      [
        37,
        35,
        0.6715926282170891
      ],
      [
        38,
        29,
        0.6715926282170891
      ],
      [
        39,
        26,
        0.6715926282170891
      ],
      [
        40,
        26,
        0.6715926282170891
      ],
      [
        41,
        27,
        0.6715926282170891
      ],
      [
        42,
        25,
        0.6715926282170891
      ],
      [
        43,
        25,
        0.6715926282170891
      ],
      [
        44,
        34,
        0.6715926282170891
      ]
    ],
    [
      [
        5,
        2,
        0.49999999999960676
      ],
      [
        6,
        55,
        0.5
      ],
      [
        7,
        59,
        0.5
      ],
      [
        8,
        55,
        0.5
      ],
      [
        9,
        17,
        0.5
      ],
      [
        10,
        26,
        0.5
      ],
      [
        11,
        40,
        0.5
      ],
      [
        12,
        33,
        0.5
      ],
      [
        13,
        28,
        0.5
      ],
      [
        14,
        27,
        0.5
      ],
      [
        15,
        20,
        0.5
      ],
      [
        16,
        26,
        0.5
      ],
      [
        17,
        28,
        0.5
      ],
      [
        18,
        23,
        0.5
      ],
      [
        19,
        23,
        0.5
      ],
      [
        20,
        23,
        0.5
      ],
      [
        21,
        19,
        0.5
      ],
      [
        22,
        22,
        0.5
      ],
      [
        23,
        33,
        0.5113081618635106
      ],
      [
        24,
        45,
        0.5457735479724355
      ],
      [
        25,
        33,
        0.7521062026847154
      ],
      [
        26,
        20,
        0.7521062026847154
      ],
      [
        27,
        37,
        0.786491900904253
      ],
      [
        28,
        28,
        0.786491900904253
      ],
      [
        29,
        26,
        0.786491900904253
      ],
      [
        30,
        23,
        0.786491900904253
      ],
      [
        31,
        25,
        0.786491900904253
      ],
      [
        32,
        25,
        0.786491900904253
      ],
      [
        33,
        23,
        0.786491900904253
      ],
      [
        34,
        25,
        0.8602997378688694
      ],
      [
        35,
        24,
        0.8602997378688694
      ],
      [
        36,
        25,
        0.8602997378688694
      ],
      [
        37,
        24,
        0.9013387751483556
      ],
      [
        38,
        32,
        0.9013387751483556
      ],
      [
        39,
        29,
        0.9013387751483556
      ],
      [
        40,
        32,
        0.9013387751483556
      ],
      [
        41,
        29,
        0.9013387751483556
      ],
      [
        42,
        22,
        0.9013387751483556
      ],
      [
        43,
        27,
        0.9013387751483556
      ],
      [
        44,
        26,
        0.9013387751483556
      ],
      [
        45,
        48,
        0.9485295176309617
      ],
      [
        46,
        30,
        0.9485295176309617
      ],
      [
        47,
        28,
        0.9485295176309617
      ],
      [
        48,
        29,
        0.9485295176309617
      ],
      [
        49,
        27,
        0.9485295176309617
      ],
      [
        50,
        23,
        0.9485295176309617
      ]
    ],
    [
      [
        8,
        6,
        0.4142447341075199
      ],
      [
        9,
        60,
        0.5
      ],
      [
        10,
        55,
        0.5
      ],
      [
        11,
        41,
        0.5
      ],
      [
        12,
        27,
        0.5
      ],
      [
        13,
        23,
        0.5
      ],
      [
        14,
        20,
        0.5
      ],
      [
        15,
        26,
        0.5
      ],
      [
