{
  "total_gens": 42,
  "generations": [
    1,
    2,
    3,
    4,
    5,
    6,
    7,
    8,
    9,
    10,
    11,
    12,
    13,
    14,
    15,
    16,
    17,
    18,
    19,
    20,
    21,
    22,
    23,
    24,
    25,
    26,
    27,
    28,
    29,
    30,
    31,
    32,
    33,
    34,
    35,
    36,
    37,
    38,
    39,
    40,
    41,
    42
  ],
  "best_fitness": [
    0.4999884626959866,
    0.49999999893294556,
    0.4999999999999518,
    0.5,
    0.5,
    0.5,
    0.5,
    0.5476737065525912,
    0.5476737065525912,
    0.5476737065525912,
    0.5476737065525912,
    0.5476737065525912,
    0.5476737065525912,
    0.5476737065525912,
    0.5476737065525912,
    0.5476737065525912,
    0.5476737065525912,
    0.5476737065525912,
    0.5476737065525912,
    0.5476737065525912,
    0.5476737065525912,
    0.5476737065525912,
    0.5476737065525912,
    0.5476737065525912,
    0.5476737065525912,
    0.564419918115992,
    0.564419918115992,
    0.564419918115992,
    0.564419918115992,
    0.564419918115992,
    0.564419918115992,
    0.575830702868541,
    0.575830702868541,
    0.575830702868541,
    0.7832817171414376,
    0.828277404189714,
    0.828277404189714,
    0.9309999367317795,
    0.9546620127307064,
    0.9719689009702258,
    0.9719689009702258,
    0.9999999799305508
  ],
  "species": [
    [
      [
        1,
        120,
        0.4999884626959866
      ],
      [
        2,
        120,
        0.49999999893294556
      ],
      [
        3,
        120,
        0.4999999999999518
      ],
      [
        4,
        120,
        0.5
      ],
      [
        5,
        96,
        0.5
      ],
      [
        6,
        71,
        0.5
      ],
      [
        7,
        63,
        0.5
      ],
      [
        8,
        54,
        0.5476737065525912
      ],
      [
        9,
        78,
        0.5476737065525912
      ],
      [
        10,
        46,
        0.5476737065525912
      ],
      [
        11,
        35,
        0.5476737065525912
      ],
      [
        12,
        29,
        0.5476737065525912
      ],
      [
        13,
        25,
        0.5476737065525912
      ],
      [
        14,
        22,
        0.5476737065525912
      ],
      [
        15,
        28,
        0.5476737065525912
      ],
      [
        16,
        31,
        0.5476737065525912
      ],
      [
        17,
        35,
        0.5476737065525912
      ],
      [
        18,
        27,
        0.5476737065525912
      ],
      [
        19,
        44,
        0.5476737065525912
      ],
      [
        20,
        40,
        0.5476737065525912
      ],
      [
        21,
        37,
        0.5476737065525912
      ],
      [
        22,
        40,
        0.5476737065525912
      ],
      [
        23,
        44,
        0.5476737065525912
      ],
      [
        24,
        51,
        0.5476737065525912
      ],
      [
        25,
        57,
        0.5476737065525912
      ],
      [
        26,
        38,
        0.5476737065525912
      ],
      [
        27,
        37,
        0.5476737065525912
      ],
      [
        28,
        38,
        0.5476737065525912
      ]
    ],
    [
      [
        5,
        24,
        0.5
      ],
      [
        6,
        49,
        0.5
      ],
      [
        7,
        57,
        0.5
      ],
      [
        8,
        66,
        0.5
      ],
      [
        9,
        35,
        0.5
      ],
      [
        10,
        42,
        0.5
      ],
      [
        11,
        28,
        0.5
      ],
      [
        12,
        29,
        0.5
      ],
      [
        13,
        36,
        0.5
      ],
      [
        14,
        30,
        0.5
      ],
      [
        15,
        24,
        0.5
      ],
      [
        16,
        23,
        0.5
      ],
      [
        17,
        19,
        0.5
      ],
      [
        18,
        24,
        0.5
      ],
      [
        19,
        28,
        0.5
      ],
      [
        20,
        19,
        0.5
      ],
      [
        21,
        26,
        0.5
      ],
      [
        22,
        18,
        0.5
      ],
      [
        23,
        23,
        0.5
      ],
      [
        24,
        33,
        0.5
      ]
    ],
    [
      [
        9,
        7,
        0.5
      ],
      [
        10,
        31,
        0.5
      ],
      [
        11,
        32,
        0.5
      ],
      [
        12,
        28,
        0.5
      ],
      [
        13,
        19,
        0.5
      ],
      [
        14,
        22,
        0.5
      ],
      [
        15,
        18,
        0.5
      ],
      [
        16,
        17,
        0.5
      ],
      [
        17,
        21,
        0.5
      ],
      [
        18,
        18,
        0.5
      ],
      [
        19,
        15,
        0.5
      ],
      [
        20,
        14,
        0.5
      ],
      [
        21,
        25,
        0.5
      ],
      [
        22,
        22,
        0.5
      ],
      [
        23,
        22,
        0.5
      ],
      [
        24,
        27,
        0.5
      ],
      [
        25,
        17,
        0.5
      ],
      [
        26,
        34,
        0.5000000012804373
      ],
      [
        27,
        27,
        0.564419918115992
      ],
      [
        28,
        35,
        0.564419918115992
      ],
      [
        29,
        41,
        0.564419918115992
      ],
      [
        30,
        50,
        0.564419918115992
      ],
      [
        31,
        33,
        0.564419918115992
      ],
      [
        32,
        27,
        0.575830702868541
      ],
      [
        33,
        39,
        0.575830702868541
      ],
      [
        34,
        30,
        0.575830702868541
      ],
      [
        35,
        30,
        0.575830702868541
      ],
      [
        36,
        28,
        0.828277404189714
      ],
      [
        37,
        37,
        0.828277404189714
      ],
      [
        38,
        33,
        0.828277404189714
      ],
      [
        39,
        22,
        0.828277404189714
      ],
      [
        40,
        25,
        0.828277404189714
      ],
      [
        41,
        26,
        0.828277404189714
      ],
      [
        42,
        21,
        0.828277404189714
      ]
    ],
    [
      [
        10,
        2,
        0.5
      ],
      [
        11,
        25,
        0.5
      ],
      [
        12,
        32,
        0.5
      ],
      [
        13,
        22,
        0.5
      ],
      [
        14,
        25,
        0.5
      ],
      [
        15,
        25,
        0.5
      ],
      [
        16,
        20,
        0.5
      ],
      [
        17,
        19,
        0.5
      ],
      [
        18,
        22,
        0.5
      ],
      [
        19,
        13,
        0.5
      ],
      [
        20,
        11,
        0.5
      ],
      [
        21,
        7,
        0.5
      ],
      [
        22,
        11,
        0.5
      ],
      [
        23,
        20,
        0.5
      ],
      [
        24,
        6,
        0.5
      ],
      [
        25,
        16,
        0.5
      ],
      [
        26,
        26,
        0.5
      ],
      [
        27,
        28,
        0.5
      ],
      [
        28,
        23,
        0.5
      ],
      [
        29,
        26,
        0.5
      ]
    ],
    [
      [
        12,
        1,
        0.4142135623730951
      ],
      [
        13,
        10,
        0.4142135623730951
      ],
      [
        14,
        11,
        0.4142135623730951
      ],
      [
        15,
        16,
        0.4142135623730951
      ],
      [
        16,
        16,
        0.4142135623730951
      ],
      [
        17,
        15,
        0.4142135623730951
      ],
      [
        18,
        17,
        0.41528976094111664
      ],
      [
        19,
        17,
        0.49774990584688555
      ],
      [
        20,
        20,
        0.4985426072657337
