{
  "total_gens": 24,
  "generations": [
    1,
    2,
    3,
    4,
    5,
    6,
    7,
    8,
    9,
    10,
    11,
    12,
    13,
    14,
    15,
    16,
    17,
    18,
    19,
    20,
    21,
    22,
    23,
    24
  ],
  "best_fitness": [
    0.4999943855406074,
    0.4999980797946673,
    0.4999999975067124,
    0.5,
    0.5,
    0.5,
    0.5,
    0.5,
    0.5,
    0.5,
    0.5,
    0.5,
    0.5,
    0.5,
    0.5000000713939348,
    0.5009144605735905,
    0.5009144605735905,
    0.9625827143406674,
    0.9625827143406674,
    0.9625827143406674,
    0.9625827143406674,
    0.9625827143406674,
    0.9625827143406674,
    0.9937743482160137
  ],
  "species": [
    [
      [
        1,
        120,
        0.4999943855406074
      ],
      [
        2,
        120,
        0.4999980797946673
      ],
      [
        3,
        120,
        0.4999999975067124
      ],
      [
        4,
        120,
        0.5
      ],
      [
        5,
        118,
        0.5
      ],
      [
        6,
        71,
        0.5
      ],
      [
        7,
        63,
        0.5
      ],
      [
        8,
        57,
        0.5
      ],
      [
        9,
        43,
        0.5
      ],
      [
        10,
        37,
        0.5
      ],
      [
        11,
        40,
        0.5
      ],
      [
        12,
        26,
        0.5
      ],
      [
        13,
        29,
        0.5
      ],
      [
        14,
        27,
        0.5
      ],
      [
        15,
        25,
        0.5
      ],
      [
        16,
        36,
        0.5
      ],
      [
        17,
        26,
        0.5
      ],
      [
        18,
        31,
        0.5
      ],
      [
        19,
        30,
        0.5921116702129188
      ],
      [
        20,
        47,
        0.9625827143406674
      ],
      [
        21,
        23,
        0.9625827143406674
      ],
      [
        22,
        34,
        0.9625827143406674
      ],
      [
        23,
        45,
        0.9625827143406674
      ],
      [
        24,
        46,
        0.9937743482160137
      ]
    ],
    [
      [
        5,
        2,
        0.5
      ],
      [
        6,
        49,
        0.5
      ],
      [
        7,
        57,
        0.5
      ],
      [
        8,
        62,
        0.5
      ],
      [
        9,
        38,
        0.5
      ],
      [
        10,
        47,
        0.5
      ],
      [
        11,
        54,
        0.5
      ],
      [
        12,
        59,
        0.5
      ],
      [
        13,
        41,
        0.5
      ],
      [
        14,
        31,
        0.5
      ],
      [
        15,
        30,
        0.5
      ],
      [
        16,
        21,
        0.5
      ],
      [
        17,
        21,
        0.5
      ],
      [
        18,
        20,
        0.5
      ],
      [
        19,
        21,
        0.5
      ],
      [
        20,
        19,
        0.5
      ],
      [
        21,
        27,
        0.5
      ],
      [
        22,
        31,
        0.5
      ],
      [
        23,
        28,
        0.5
      ],
      [
        24,
        31,
        0.5
      ]
    ],
    [
      [
        8,
        1,
        0.5
      ],
      [
        9,
        39,
        0.5
      ],
      [
        10,
        36,
        0.5
      ],
      [
        11,
        1,
        0.41972020912533864
      ],
      [
        12,
        8,
        0.4999996731637107
      ],
      [
        13,
        24,
        0.49999999999960376
      ],
      [
        14,
        20,
        0.5
      ],
      [
        15,
        22,
        0.5
      ],
      [
        16,
        15,
        0.5
      ],
      [
        17,
        19,
        0.5
      ],
      [
        18,
        19,
        0.5
      ],
      [
        19,
        19,
        0.5
      ],
      [
        20,
        15,
        0.5
      ],
      [
        21,
        19,
        0.5
      ],
      [
        22,
        19,
        0.5
      ],
      [
        23,
        10,
        0.5
      ],
      [
        24,
        17,
        0.5
      ]
    ],
    [
      [
        11,
        20,
        0.5
      ],
      [
        12,
        27,
        0.5
      ],
      [
        13,
        25,
        0.5
      ],
      [
        14,
        22,
        0.5
      ],
      [
        15,
        22,
        0.5
      ],
      [
        16,
        21,
        0.5
      ],
      [
        17,
        20,
        0.5
      ],
      [
        18,
        22,
        0.5
      ],
      [
        19,
        18,
        0.5
      ],
      [
        20,
        16,
        0.5
      ],
      [
        21,
        16,
        0.5
      ],
      [
        22,
        13,
        0.5
      ],
      [
        23,
        15,
        0.5
      ],
      [
        24,
        11,
        0.5
      ]
    ],
    [
      [
        11,
        5,
        0.5
      ]
    ],
    [
      [
        13,
        1,
        0.4126751177985646
      ],
      [
        14,
        21,
        0.5
      ],
      [
        15,
        20,
        0.5000000713939348
      ],
      [
        16,
        19,
        0.5009144605735905
      ],
      [
        17,
        20,
        0.5009144605735905
      ],
      [
        18,
        17,
        0.9625827143406674
      ],
      [
        19,
        15,
        0.9625827143406674
      ]
    ],
    [
      [
        15,
        1,
        0.44473289863775717
      ]
    ],
    [
      [
        15,
        1,
        0.4142135623730951
      ],
      [
        16,
        9,
        0.4142135626258776
      ],
      [
        17,
        14,
        0.4999999996723823
      ],
      [
        18,
        12,
        0.49999999999989686
      ],
      [
        19,
        15,
        0.49999999999991107
      ],
      [
        20,
        15,
        0.49999999999991107
      ],
      [
        21,
        18,
        0.5000000009439817
      ],
      [
        22,
        12,
        0.5000000009439817
      ],
      [
        23,
        9,
        0.5000000310594749
      ],
      [
        24,
        8,
        0.508268084215377
      ]
    ],
    [
      [
        19,
        1,
        0.4142135623730792
      ],
      [
        20,
        1,
        0.4142135623737508
      ],
      [
        21,
        8,
        0.4142231873682281
      ],
      [
        22,
        3,
        0.41524776633836846
      ],
      [
        23,
        2,
        0.4150198111584639
      ]
    ],
    [
      [
        19,
        1,
        0.3660254037844559
      ],
      [
        20,
        7,
        0.5
      ],
      [
        21,
        9,
        0.5
      ],
      [
        22,
        8,
        0.5
      ],
      [
        23,
        11,
        0.5
      ],
      [
        24,
        7,
        0.4999999999922562
      ]
    ]
  ]
}