{
  "total_gens": 47,
  "generations": [
    1,
    2,
    3,
    4,
    5,
    6,
    7,
    8,
    9,
    10,
    11,
    12,
    13,
    14,
    15,
    16,
    17,
    18,
    19,
    20,
    21,
    22,
    23,
    24,
    25,
    26,
    27,
    28,
    29,
    30,
    31,
    32,
    33,
    34,
    35,
    36,
    37,
    38,
    39,
    40,
    41,
    42,
    43,
    44,
    45,
    46,
    47
  ],
  "best_fitness": [
    0.4999578469128455,
    0.49999999032102077,
    0.5026657848083317,
    0.5026657848083317,
    0.5026657848083317,
    0.5026657848083317,
    0.5026657848083317,
    0.5897593434086114,
    0.5897593434086114,
    0.5897593434086114,
    0.5897593434086114,
    0.5897593434086114,
    0.5897593434086114,
    0.5897593434086114,
    0.5897593434086114,
    0.5897593434086114,
    0.5897593434086114,
    0.5897593434086114,
    0.5897593434086114,
    0.5897593434086114,
    0.5897593434086114,
    0.5897593434086114,
    0.5897593434086114,
    0.6280365368516792,
    0.6280365368516792,
    0.6280365368516792,
    0.6280365368516792,
    0.6280365368516792,
    0.6280365368516792,
    0.6280365368516792,
    0.740951717663708,
    0.740951717663708,
    0.740951717663708,
    0.740951717663708,
    0.740951717663708,
    0.740951717663708,
    0.740951717663708,
    0.740951717663708,
    0.740951717663708,
    0.740951717663708,
    0.7608684001749897,
    0.7608684001749897,
    0.7608684001749897,
    0.7608684001749897,
    0.9790015271772607,
    0.9790015271772607,
    0.999997820651912
  ],
  "species": [
    [
      [
        1,
        120,
        0.4999578469128455
      ],
      [
        2,
        120,
        0.49999999032102077
      ],
      [
        3,
        120,
        0.5026657848083317
      ],
      [
        4,
        120,
        0.5026657848083317
      ],
      [
        5,
        119,
        0.5026657848083317
      ],
      [
        6,
        79,
        0.5026657848083317
      ],
      [
        7,
        68,
        0.5026657848083317
      ],
      [
        8,
        59,
        0.5897593434086114
      ],
      [
        9,
        42,
        0.5897593434086114
      ],
      [
        10,
        38,
        0.5897593434086114
      ],
      [
        11,
        39,
        0.5897593434086114
      ],
      [
        12,
        33,
        0.5897593434086114
      ],
      [
        13,
        27,
        0.5897593434086114
      ],
      [
        14,
        26,
        0.5897593434086114
      ],
      [
        15,
        27,
        0.5897593434086114
      ],
      [
        16,
        31,
        0.5897593434086114
      ],
      [
        17,
        31,
        0.5897593434086114
      ],
      [
        18,
        27,
        0.5897593434086114
      ],
      [
        19,
        26,
        0.5897593434086114
      ],
      [
        20,
        23,
        0.5897593434086114
      ],
      [
        21,
        25,
        0.5897593434086114
      ],
      [
        22,
        29,
        0.5897593434086114
      ],
      [
        23,
        37,
        0.5897593434086114
      ],
      [
        24,
        48,
        0.6280365368516792
      ],
      [
        25,
        32,
        0.6280365368516792
      ],
      [
        26,
        27,
        0.6280365368516792
      ],
      [
        27,
        31,
        0.6280365368516792
      ],
      [
        28,
        27,
        0.6280365368516792
      ],
      [
        29,
        28,
        0.6280365368516792
      ],
      [
        30,
        29,
        0.6280365368516792
      ],
      [
        31,
        32,
        0.740951717663708
      ],
      [
        32,
        44,
        0.740951717663708
      ],
      [
        33,
        24,
        0.740951717663708
      ],
      [
        34,
        29,
        0.740951717663708
      ],
      [
        35,
        35,
        0.740951717663708
      ],
      [
        36,
        30,
        0.740951717663708
      ],
      [
        37,
        53,
        0.740951717663708
      ],
      [
        38,
        41,
        0.740951717663708
      ],
      [
        39,
        44,
        0.740951717663708
      ],
      [
        40,
        48,
        0.740951717663708
      ],
      [
        41,
        65,
        0.7608684001749897
      ],
      [
        42,
        64,
        0.7608684001749897
      ],
      [
        43,
        41,
        0.7608684001749897
      ],
      [
        44,
        31,
        0.7608684001749897
      ],
      [
        45,
        28,
        0.9790015271772607
      ],
      [
        46,
        30,
        0.9790015271772607
      ],
      [
        47,
        30,
        0.999997820651912
      ]
    ],
    [
      [
        5,
        1,
        0.4999950388210067
      ],
      [
        6,
        41,
        0.499999999999992
      ],
      [
        7,
        52,
        0.5
      ],
      [
        8,
        33,
        0.5
      ],
      [
        9,
        35,
        0.5
      ],
      [
        10,
        33,
        0.5
      ],
      [
        11,
        50,
        0.5
      ],
      [
        12,
        39,
        0.5
      ],
      [
        13,
        36,
        0.5
      ],
      [
        14,
        24,
        0.5
      ],
      [
        15,
        21,
        0.5
      ],
      [
        16,
        16,
        0.5
      ],
      [
        17,
        19,
        0.5
      ],
      [
        18,
        19,
        0.5
      ],
      [
        19,
        18,
        0.5
      ],
      [
        20,
        16,
        0.5
      ],
      [
        21,
        24,
        0.5
      ],
      [
        22,
        17,
        0.5
      ],
      [
        23,
        34,
        0.5002523095309219
      ],
      [
        24,
        40,
        0.5823863842072485
      ],
      [
        25,
        42,
        0.5823863842072485
      ],
      [
        26,
        29,
        0.5823863842072485
      ],
      [
        27,
        28,
        0.5823863842072485
      ],
      [
        28,
        25,
        0.5836605499397767
      ],
      [
        29,
        25,
        0.5836605499397767
      ],
      [
        30,
        23,
        0.5836605499397767
      ],
      [
        31,
        27,
        0.5836605499397767
      ],
      [
        32,
        24,
        0.5836605499397767
      ],
      [
        33,
        29,
        0.585337455243077
      ],
      [
        34,
        24,
        0.585337455243077
      ],
      [
        35,
        24,
        0.585337455243077
      ],
      [
        36,
        23,
        0.585337455243077
      ],
      [
        37,
        23,
        0.585337455243077
      ],
      [
        38,
        22,
        0.585337455243077
      ],
      [
        39,
        25,
        0.585337455243077
      ],
      [
        40,
        26,
        0.585337455243077
      ],
      [
        41,
        22,
        0.585337455243077
      ],
      [
        42,
        3,
        0.4142332295517174
      ],
      [
        43,
        34,
        0.5005903765802413
      ],
      [
        44,
        26,
        0.5005903765802413
      ],
      [
        45,
        22,
        0.5005903765802413
      ],
      [
        46,
        21,
        0.5005956846262013
      ],
      [
        47,
        21,
        0.5005956846262013
      ]
    ],
    [
      [
        8,
        28,
        0.5
      ],
      [
        9,
        44,
        0.5
      ],
      [
        10,
        49,
        0.5
      ],
      [
        11,
        32,
        0.5
      ],
      [
        12,
        47,
        0.5000000000000001
      ],
      [
        13,
        30,
        0.5000000000000001
      ],
      [
        14,
        21,
        0.5000000108888167
      ],
      [
        15,
        22,
        0.5000000108888167
      ],
      [
        16,
        23,
        0.5000022891244759
      ],
